PageID,WidgetName,Name    ,WriteAddr,Length,
0,button_0,button_0, , ,0x0020,Page0001
1,button_0,button_0, , ,0x0020,Page0002
1,button_1,button_1, , ,0x0020,Page0003
1,button_2,button_1, , ,0x0020,Page0007
1,button_3,button_1, , ,0x0020,Page0010
1,button_4,button_4, , ,0x0020,Page0000
1,button_5,button_0, , ,0x0020,Page0009
2,button_5,button_5, , ,0x0020,Page0001
2,button_0,button_0, , ,0x0020,Page0012
2,batVar_0,batVar_0,0x1003,0x003C,0x1001,0x0000,0x1000,0x0000,0xFFFF,0xFFFF,0xFFFF,0xFFFF,0xFFFF,0xFFFF,0xFFFF,0xFFFF,0xFFFF,0xFFFF, 
3,button_0,button_0, , ,0x0020,Page0004
3,button_1,button_1, , ,0x0020,Page0001
3,button_2,button_0, , ,0x0020,Page0021
3,button_3,button_0, , ,0x0020,Page0022
3,button_4,button_0, , ,0x0020,Page0023
3,button_5,button_0, , ,0x0020,Page0024
3,button_6,button_0, , ,0x0020,Page0004
4,button_5,button_5, , ,0x0020,Page0003
4,batVar_0,batVar_0,0x1007,0x0000,0xFFFF,0xFFFF,0xFFFF,0xFFFF,0xFFFF,0xFFFF,0xFFFF,0xFFFF,0xFFFF,0xFFFF,0xFFFF,0xFFFF,0xFFFF,0xFFFF, 
4,batVar_1,batVar_0,0x1007,0x0001,0xFFFF,0xFFFF,0xFFFF,0xFFFF,0xFFFF,0xFFFF,0xFFFF,0xFFFF,0xFFFF,0xFFFF,0xFFFF,0xFFFF,0xFFFF,0xFFFF, 
4,batVar_2,batVar_0,0x1007,0x0002,0xFFFF,0xFFFF,0xFFFF,0xFFFF,0xFFFF,0xFFFF,0xFFFF,0xFFFF,0xFFFF,0xFFFF,0xFFFF,0xFFFF,0xFFFF,0xFFFF, 
4,batVar_3,batVar_0,0x1007,0x0003,0xFFFF,0xFFFF,0xFFFF,0xFFFF,0xFFFF,0xFFFF,0xFFFF,0xFFFF,0xFFFF,0xFFFF,0xFFFF,0xFFFF,0xFFFF,0xFFFF, 
4,batVar_4,batVar_0,0x1007,0x0004,0xFFFF,0xFFFF,0xFFFF,0xFFFF,0xFFFF,0xFFFF,0xFFFF,0xFFFF,0xFFFF,0xFFFF,0xFFFF,0xFFFF,0xFFFF,0xFFFF, 
5,button_3,button_3, , ,0x0020,Page0003
5,batVar_0,batVar_0,0x1009,0x0000,0x1003,0x012C,0x1001,0x0000,0x1000,0x0000,0xFFFF,0xFFFF,0xFFFF,0xFFFF,0xFFFF,0xFFFF,0xFFFF,0xFFFF, 
5,batVar_1,batVar_0,0x1009,0x0001,0x1003,0x012C,0x1001,0x0000,0x1000,0x0000,0xFFFF,0xFFFF,0xFFFF,0xFFFF,0xFFFF,0xFFFF,0xFFFF,0xFFFF, 
5,batVar_2,batVar_0,0x1009,0x0002,0x1003,0x012C,0x1001,0x0000,0x1000,0x0000,0xFFFF,0xFFFF,0xFFFF,0xFFFF,0xFFFF,0xFFFF,0xFFFF,0xFFFF, 
6,button_0,button_0, , ,0x0020,Page0005
6,varAdj_0,varAdj_0,0x1000,2, , ,0x01
6,varAdj_1,varAdj_0,0x1000,2, , ,0x01
6,varAdj_2,varAdj_0,0x1001,2, , ,0x01
6,batVar_0,batVar_0,0x1000,0x0000,0x1001,0x0000,0xFFFF,0xFFFF,0xFFFF,0xFFFF,0xFFFF,0xFFFF,0xFFFF,0xFFFF,0xFFFF,0xFFFF,0xFFFF,0xFFFF, 
6,varAdj_3,varAdj_3,0x1005,2, , ,0x01
7,button_6,button_6, , ,0x0020,Page0001
7,batVar_0,batVar_0,0x1006,0x0001,0x1003,0x0078,0x1001,0x0000,0xFFFF,0xFFFF,0xFFFF,0xFFFF,0xFFFF,0xFFFF,0xFFFF,0xFFFF,0xFFFF,0xFFFF, 
7,batVar_1,batVar_0,0x1006,0x0002,0x1003,0x0078,0x1001,0x0000,0xFFFF,0xFFFF,0xFFFF,0xFFFF,0xFFFF,0xFFFF,0xFFFF,0xFFFF,0xFFFF,0xFFFF, 
7,batVar_2,batVar_0,0x1006,0x0003,0x1003,0x0078,0x1001,0x0000,0xFFFF,0xFFFF,0xFFFF,0xFFFF,0xFFFF,0xFFFF,0xFFFF,0xFFFF,0xFFFF,0xFFFF, 
7,batVar_3,batVar_0,0x1006,0x0004,0x1003,0x0078,0x1001,0x0000,0xFFFF,0xFFFF,0xFFFF,0xFFFF,0xFFFF,0xFFFF,0xFFFF,0xFFFF,0xFFFF,0xFFFF, 
7,batVar_4,batVar_0,0x1006,0x0005,0x1003,0x0078,0x1001,0x0000,0xFFFF,0xFFFF,0xFFFF,0xFFFF,0xFFFF,0xFFFF,0xFFFF,0xFFFF,0xFFFF,0xFFFF, 
7,batVar_5,batVar_0,0x1006,0x0006,0x1003,0x0078,0x1001,0x0000,0xFFFF,0xFFFF,0xFFFF,0xFFFF,0xFFFF,0xFFFF,0xFFFF,0xFFFF,0xFFFF,0xFFFF, 
8,button_0,button_0, , ,0x0020,Page0007
8,varAdj_0,varAdj_0,0x1005,2, , ,0x01
8,varAdj_1,varAdj_1,0x1001,2, , ,0x01
8,batVar_0,batVar_0,0x1001,0x0000,0x1003,0x0078,0xFFFF,0xFFFF,0xFFFF,0xFFFF,0xFFFF,0xFFFF,0xFFFF,0xFFFF,0xFFFF,0xFFFF,0xFFFF,0xFFFF, 
9,button_0,button_0, , ,0x0020,Page0001
9,button_1,button_1, , ,0x0020,Page0001
9,varAdj_0,varAdj_0,0x1010,2, , ,0x81
9,varAdj_1,varAdj_0,0x1010,2, , ,0x81
9,varAdj_2,varAdj_0,0x1010,2, , ,0x81
9,varAdj_3,varAdj_0,0x1010,2, , ,0x81
9,varAdj_4,varAdj_0,0x1010,2, , ,0x81
9,varAdj_5,varAdj_0,0x1010,2, , ,0x81
9,varAdj_6,varAdj_0,0x1010,2, , ,0x81
9,varAdj_7,varAdj_0,0x1010,2, , ,0x81
9,varAdj_8,varAdj_0,0x1010,2, , ,0x81
9,varAdj_9,varAdj_0,0x1010,2, , ,0x81
9,varAdj_10,varAdj_0,0x1010,2, , ,0x81
10,button_0,button_0, , ,0x0020,Page0001
10,varAdj_0,varAdj_0,0x1000,2, , ,0x01
10,varAdj_1,varAdj_0,0x1000,2, , ,0x01
10,varAdj_2,varAdj_0,0x1001,2, , ,0x01
10,batVar_0,batVar_0,0x1000,0x0000,0x1001,0x0000,0xFFFF,0xFFFF,0xFFFF,0xFFFF,0xFFFF,0xFFFF,0xFFFF,0xFFFF,0xFFFF,0xFFFF,0xFFFF,0xFFFF, 
10,varAdj_3,varAdj_3,0x1005,2, , ,0x01
11,button_0,button_0, , ,0x0020,Page0002
11,varAdj_0,varAdj_0,0x1000,2, , ,0x01
11,varAdj_1,varAdj_0,0x1000,2, , ,0x01
11,varAdj_2,varAdj_0,0x1001,2, , ,0x01
11,batVar_0,batVar_0,0x1000,0x0000,0x1001,0x0000,0xFFFF,0xFFFF,0xFFFF,0xFFFF,0xFFFF,0xFFFF,0xFFFF,0xFFFF,0xFFFF,0xFFFF,0xFFFF,0xFFFF, 
11,varAdj_3,varAdj_3,0x1005,2, , ,0x01
12,button_5,button_5, , ,0x0020,Page0001
12,button_0,button_0, , ,0x0020,Page0013
12,batVar_0,batVar_0,0x1003,0x0078,0x1001,0x0000,0x1000,0x0000,0xFFFF,0xFFFF,0xFFFF,0xFFFF,0xFFFF,0xFFFF,0xFFFF,0xFFFF,0xFFFF,0xFFFF, 
12,button_1,button_0, , ,0x0020,Page0002
13,button_5,button_5, , ,0x0020,Page0001
13,button_0,button_0, , ,0x0020,Page0014
13,batVar_0,batVar_0,0x1003,0x00B4,0x1001,0x0000,0x1000,0x0000,0xFFFF,0xFFFF,0xFFFF,0xFFFF,0xFFFF,0xFFFF,0xFFFF,0xFFFF,0xFFFF,0xFFFF, 
13,button_1,button_0, , ,0x0020,Page0012
14,button_5,button_5, , ,0x0020,Page0001
14,button_0,button_0, , ,0x0020,Page0015
14,batVar_0,batVar_0,0x1003,0x00F0,0x1001,0x0000,0x1000,0x0000,0xFFFF,0xFFFF,0xFFFF,0xFFFF,0xFFFF,0xFFFF,0xFFFF,0xFFFF,0xFFFF,0xFFFF, 
14,button_1,button_0, , ,0x0020,Page0013
15,button_5,button_5, , ,0x0020,Page0001
15,button_0,button_0, , ,0x0020,Page0016
15,batVar_0,batVar_0,0x1003,0x012C,0x1001,0x0000,0x1000,0x0000,0xFFFF,0xFFFF,0xFFFF,0xFFFF,0xFFFF,0xFFFF,0xFFFF,0xFFFF,0xFFFF,0xFFFF, 
15,button_1,button_0, , ,0x0020,Page0014
16,button_5,button_5, , ,0x0020,Page0001
16,button_0,button_0, , ,0x0020,Page0017
16,batVar_0,batVar_0,0x1003,0x0168,0x1001,0x0000,0x1000,0x0000,0xFFFF,0xFFFF,0xFFFF,0xFFFF,0xFFFF,0xFFFF,0xFFFF,0xFFFF,0xFFFF,0xFFFF, 
16,button_1,button_0, , ,0x0020,Page0015
17,button_5,button_5, , ,0x0020,Page0001
17,button_0,button_0, , ,0x0020,Page0018
17,batVar_0,batVar_0,0x1003,0x01A4,0x1001,0x0000,0x1000,0x0000,0xFFFF,0xFFFF,0xFFFF,0xFFFF,0xFFFF,0xFFFF,0xFFFF,0xFFFF,0xFFFF,0xFFFF, 
17,button_1,button_0, , ,0x0020,Page0016
18,button_5,button_5, , ,0x0020,Page0001
18,button_0,button_0, , ,0x0020,Page0019
18,batVar_0,batVar_0,0x1003,0x01E0,0x1001,0x0000,0x1000,0x0000,0xFFFF,0xFFFF,0xFFFF,0xFFFF,0xFFFF,0xFFFF,0xFFFF,0xFFFF,0xFFFF,0xFFFF, 
18,button_1,button_0, , ,0x0020,Page0017
19,button_5,button_5, , ,0x0020,Page0001
19,button_0,button_0, , ,0x0020,Page0020
19,batVar_0,batVar_0,0x1003,0x021C,0x1001,0x0000,0x1000,0x0000,0xFFFF,0xFFFF,0xFFFF,0xFFFF,0xFFFF,0xFFFF,0xFFFF,0xFFFF,0xFFFF,0xFFFF, 
19,button_1,button_0, , ,0x0020,Page0018
20,button_5,button_5, , ,0x0020,Page0001
20,batVar_0,batVar_0,0x1003,0x0258,0x1001,0x0000,0x1000,0x0000,0xFFFF,0xFFFF,0xFFFF,0xFFFF,0xFFFF,0xFFFF,0xFFFF,0xFFFF,0xFFFF,0xFFFF, 
20,button_1,button_0, , ,0x0020,Page0019
21,button_5,button_5, , ,0x0020,Page0003
21,batVar_0,batVar_0,0x1007,0x0005,0xFFFF,0xFFFF,0xFFFF,0xFFFF,0xFFFF,0xFFFF,0xFFFF,0xFFFF,0xFFFF,0xFFFF,0xFFFF,0xFFFF,0xFFFF,0xFFFF, 
21,batVar_1,batVar_0,0x1007,0x0006,0xFFFF,0xFFFF,0xFFFF,0xFFFF,0xFFFF,0xFFFF,0xFFFF,0xFFFF,0xFFFF,0xFFFF,0xFFFF,0xFFFF,0xFFFF,0xFFFF, 
21,batVar_2,batVar_0,0x1007,0x0007,0xFFFF,0xFFFF,0xFFFF,0xFFFF,0xFFFF,0xFFFF,0xFFFF,0xFFFF,0xFFFF,0xFFFF,0xFFFF,0xFFFF,0xFFFF,0xFFFF, 
21,batVar_3,batVar_0,0x1007,0x0008,0xFFFF,0xFFFF,0xFFFF,0xFFFF,0xFFFF,0xFFFF,0xFFFF,0xFFFF,0xFFFF,0xFFFF,0xFFFF,0xFFFF,0xFFFF,0xFFFF, 
21,batVar_4,batVar_0,0x1007,0x0009,0xFFFF,0xFFFF,0xFFFF,0xFFFF,0xFFFF,0xFFFF,0xFFFF,0xFFFF,0xFFFF,0xFFFF,0xFFFF,0xFFFF,0xFFFF,0xFFFF, 
22,button_5,button_5, , ,0x0020,Page0003
22,batVar_0,batVar_0,0x1007,0x000A,0xFFFF,0xFFFF,0xFFFF,0xFFFF,0xFFFF,0xFFFF,0xFFFF,0xFFFF,0xFFFF,0xFFFF,0xFFFF,0xFFFF,0xFFFF,0xFFFF, 
23,button_5,button_5, , ,0x0020,Page0003
23,batVar_0,batVar_0,0x1007,0x000B,0xFFFF,0xFFFF,0xFFFF,0xFFFF,0xFFFF,0xFFFF,0xFFFF,0xFFFF,0xFFFF,0xFFFF,0xFFFF,0xFFFF,0xFFFF,0xFFFF, 
23,batVar_1,batVar_0,0x1007,0x000C,0xFFFF,0xFFFF,0xFFFF,0xFFFF,0xFFFF,0xFFFF,0xFFFF,0xFFFF,0xFFFF,0xFFFF,0xFFFF,0xFFFF,0xFFFF,0xFFFF, 
24,button_5,button_5, , ,0x0020,Page0003
24,batVar_0,batVar_0,0x1007,0x000D,0xFFFF,0xFFFF,0xFFFF,0xFFFF,0xFFFF,0xFFFF,0xFFFF,0xFFFF,0xFFFF,0xFFFF,0xFFFF,0xFFFF,0xFFFF,0xFFFF, 
24,batVar_1,batVar_0,0x1007,0x000E,0xFFFF,0xFFFF,0xFFFF,0xFFFF,0xFFFF,0xFFFF,0xFFFF,0xFFFF,0xFFFF,0xFFFF,0xFFFF,0xFFFF,0xFFFF,0xFFFF, 
24,batVar_2,batVar_0,0x1007,0x000F,0xFFFF,0xFFFF,0xFFFF,0xFFFF,0xFFFF,0xFFFF,0xFFFF,0xFFFF,0xFFFF,0xFFFF,0xFFFF,0xFFFF,0xFFFF,0xFFFF, 
25,button_6,button_6, , ,0x0020,Page0001
25,batVar_0,batVar_0,0x1007,0x0010,0x1009,0x0003,0x1003,0x012C,0x1001,0x0000,0x1000,0x0000,0xFFFF,0xFFFF,0xFFFF,0xFFFF,0xFFFF,0xFFFF, 
25,batVar_1,batVar_0,0x1007,0x0011,0x1009,0x0003,0x1003,0x012C,0x1001,0x0000,0x1000,0x0000,0xFFFF,0xFFFF,0xFFFF,0xFFFF,0xFFFF,0xFFFF, 
25,batVar_2,batVar_0,0x1007,0x0012,0x1009,0x0003,0x1003,0x012C,0x1001,0x0000,0x1000,0x0000,0xFFFF,0xFFFF,0xFFFF,0xFFFF,0xFFFF,0xFFFF, 
25,batVar_3,batVar_0,0x1007,0x0013,0x1009,0x0003,0x1003,0x012C,0x1001,0x0000,0x1000,0x0000,0xFFFF,0xFFFF,0xFFFF,0xFFFF,0xFFFF,0xFFFF, 
25,batVar_4,batVar_0,0x1007,0x0014,0x1009,0x1003,0x1003,0x012C,0x1001,0x0000,0x1000,0x0000,0xFFFF,0xFFFF,0xFFFF,0xFFFF,0xFFFF,0xFFFF, 
25,batVar_5,batVar_0,0x1007,0x0015,0x1009,0x1003,0x1003,0x012C,0x1001,0x0000,0x1000,0x0000,0xFFFF,0xFFFF,0xFFFF,0xFFFF,0xFFFF,0xFFFF, 
